Component,Path,Imports,Usage Count,Purpose,Duplicate Of,Action
"SessionProviderAuth","src/components/ Providers/SessionProviderAuth.tsx","see grep","2","","","KEEP"
"index","src/components/Auth/Signin/index.tsx","see grep","58","","","KEEP"
"SigninWithPassword","src/components/Auth/SigninWithPassword.tsx","see grep","1","","","KEEP"
"Breadcrumb","src/components/Breadcrumbs/Breadcrumb.tsx","see grep","38","","","KEEP"
"CheckboxFive","src/components/FormElements/Checkboxes/CheckboxFive.tsx","see grep","0","","","REVIEW unused"
"CheckboxFour","src/components/FormElements/Checkboxes/CheckboxFour.tsx","see grep","0","","","REVIEW unused"
"CheckboxOne","src/components/FormElements/Checkboxes/CheckboxOne.tsx","see grep","0","","","REVIEW unused"
"CheckboxThree","src/components/FormElements/Checkboxes/CheckboxThree.tsx","see grep","0","","","REVIEW unused"
"CheckboxTwo","src/components/FormElements/Checkboxes/CheckboxTwo.tsx","see grep","0","","","REVIEW unused"
"DatePickerOne","src/components/FormElements/DatePicker/DatePickerOne.tsx","see grep","1","","","KEEP"
"DatePickerTwo","src/components/FormElements/DatePicker/DatePickerTwo.tsx","see grep","0","","","REVIEW unused"
"index","src/components/FormElements/InputGroup/index.tsx","see grep","58","","","KEEP"
"text-area","src/components/FormElements/InputGroup/text-area.tsx","see grep","0","","","REVIEW unused"
"MultiSelect","src/components/FormElements/MultiSelect.tsx","see grep","0","","","REVIEW unused"
"SwitcherFour","src/components/FormElements/Switchers/SwitcherFour.tsx","see grep","0","","","REVIEW unused"
"SwitcherOne","src/components/FormElements/Switchers/SwitcherOne.tsx","see grep","0","","","REVIEW unused"
"SwitcherThree","src/components/FormElements/Switchers/SwitcherThree.tsx","see grep","0","","","REVIEW unused"
"SwitcherTwo","src/components/FormElements/Switchers/SwitcherTwo.tsx","see grep","0","","","REVIEW unused"
"checkbox","src/components/FormElements/checkbox.tsx","see grep","18","","","KEEP"
"radio","src/components/FormElements/radio.tsx","see grep","0","","","REVIEW unused"
"select","src/components/FormElements/select.tsx","see grep","53","","","KEEP"
"switch","src/components/FormElements/switch.tsx","see grep","9","","","KEEP"
"icons","src/components/Layouts/header/icons.tsx","see grep","53","","","KEEP"
"index","src/components/Layouts/header/index.tsx","see grep","58","","","KEEP"
"icons","src/components/Layouts/header/notification/icons.tsx","see grep","53","","","KEEP"
"index","src/components/Layouts/header/notification/index.tsx","see grep","57","","","KEEP"
"icons","src/components/Layouts/header/theme-toggle/icons.tsx","see grep","53","","","KEEP"
"index","src/components/Layouts/header/theme-toggle/index.tsx","see grep","58","","","KEEP"
"icons","src/components/Layouts/header/user-info/icons.tsx","see grep","53","","","KEEP"
"index","src/components/Layouts/header/user-info/index.tsx","see grep","58","","","KEEP"
"showcase-section","src/components/Layouts/showcase-section.tsx","see grep","6","","","KEEP"
"index","src/components/Layouts/sidebar/data/index.ts","see grep","58","","","KEEP"
"ui-elements-list","src/components/Layouts/sidebar/data/ui-elements-list.ts","see grep","0","","","REVIEW unused"
"icons","src/components/Layouts/sidebar/icons.tsx","see grep","53","","","KEEP"
"index","src/components/Layouts/sidebar/index.tsx","see grep","58","","","KEEP"
"menu-item","src/components/Layouts/sidebar/menu-item.tsx","see grep","1","","","KEEP"
"sidebar-context","src/components/Layouts/sidebar/sidebar-context.tsx","see grep","4","","","KEEP"
"analytics-dashboard","src/components/admin/analytics/analytics-dashboard.tsx","see grep","1","","","KEEP"
"faq-builder","src/components/admin/faq-builder.tsx","see grep","3","","","KEEP"
"seo-score-panel","src/components/admin/seo-score-panel.tsx","see grep","3","","","KEEP"
"logo","src/components/logo.tsx","see grep","20","","","KEEP"
"period-picker","src/components/period-picker.tsx","see grep","0","","","REVIEW unused"
"providers","src/components/providers.tsx","see grep","2","","","KEEP"
"account-auth-forms","src/components/shop/account-auth-forms.tsx","see grep","4","","","KEEP"
"add-to-cart-panel","src/components/shop/add-to-cart-panel.tsx","see grep","1","","","KEEP"
"cart-client","src/components/shop/cart-client.tsx","see grep","1","","","KEEP"
"checkout-form","src/components/shop/checkout-form.tsx","see grep","1","","","KEEP"
"mini-cart","src/components/shop/mini-cart.tsx","see grep","3","","","KEEP"
"product-card","src/components/shop/product-card.tsx","see grep","3","","","KEEP"
"product-gallery","src/components/shop/product-gallery.tsx","see grep","1","","","KEEP"
"profile-form","src/components/shop/profile-form.tsx","see grep","1","","","KEEP"
"qty-stepper","src/components/shop/qty-stepper.tsx","see grep","3","","","KEEP"
"wishlist-actions","src/components/shop/wishlist-actions.tsx","see grep","1","","","KEEP"
"analytics-tracker","src/components/site/analytics-tracker.tsx","see grep","1","","","KEEP"
"cinematic-hero-section","src/components/site/cinematic-hero-section.tsx","see grep","0","","","REVIEW unused"
"cms-html","src/components/site/cms-html.tsx","see grep","3","","","KEEP"
"company-website-landing","src/components/site/company-website-landing.tsx","see grep","1","","","KEEP"
"company-website-portfolio","src/components/site/company-website-portfolio.tsx","see grep","1","","","KEEP"
"contact-form","src/components/site/contact-form.tsx","see grep","1","","","KEEP"
"contact-service-slider","src/components/site/contact-service-slider.tsx","see grep","1","","","KEEP"
"custom-software-landing","src/components/site/custom-software-landing.tsx","see grep","1","","","KEEP"
"custom-software-portfolio","src/components/site/custom-software-portfolio.tsx","see grep","1","","","KEEP"
"faq-accordion","src/components/site/faq-accordion.tsx","see grep","21","","","KEEP"
"floating-contact","src/components/site/floating-contact.tsx","see grep","1","","","KEEP"
"hero-poster-background","src/components/site/hero-poster-background.tsx","see grep","2","","","KEEP"
"hero-poster","src/components/site/hero-poster.tsx","see grep","3","","","KEEP"
"hero-video-constants","src/components/site/hero-video-constants.ts","see grep","1","","","KEEP"
"infrastructure-motion-loader","src/components/site/infrastructure-motion-loader.tsx","see grep","1","","","KEEP"
"infrastructure-motion-section","src/components/site/infrastructure-motion-section.tsx","see grep","1","","","KEEP"
"metaverse-hero-section","src/components/site/metaverse-hero-section.tsx","see grep","0","","","REVIEW unused"
"monthly-marketing-landing","src/components/site/monthly-marketing-landing.tsx","see grep","1","","","KEEP"
"monthly-marketing-portfolio","src/components/site/monthly-marketing-portfolio.tsx","see grep","1","","","KEEP"
"motion-section-two-loader","src/components/site/motion-section-two-loader.tsx","see grep","0","","","REVIEW unused"
"motion-section-two","src/components/site/motion-section-two.tsx","see grep","1","","","KEEP"
"page-hero-section","src/components/site/page-hero-section.tsx","see grep","8","","","KEEP"
"public-shell","src/components/site/public-shell.tsx","see grep","42","","","KEEP"
"scroll-dragon-loader","src/components/site/scroll-dragon-loader.tsx","see grep","0","","","REVIEW unused"
"scroll-dragon","src/components/site/scroll-dragon.tsx","see grep","1","","","KEEP"
"section-title","src/components/site/section-title.tsx","see grep","2","","","KEEP"
"site-footer","src/components/site/site-footer.tsx","see grep","1","","","KEEP"
"site-header","src/components/site/site-header.tsx","see grep","1","","","KEEP"
"site-toaster","src/components/site/site-toaster.tsx","see grep","1","","","KEEP"
"tech-marquee","src/components/site/tech-marquee.tsx","see grep","0","","","REVIEW unused"
"triple-motion-loader","src/components/site/triple-motion-loader.tsx","see grep","0","","","REVIEW unused"
"triple-motion-sequence","src/components/site/triple-motion-sequence.tsx","see grep","1","","","KEEP"
"website-showcase-loader","src/components/site/website-showcase-loader.tsx","see grep","0","","","REVIEW unused"
"website-showcase-section","src/components/site/website-showcase-section.tsx","see grep","1","","","KEEP"
"workflow-comparison-section","src/components/site/workflow-comparison-section.tsx","see grep","0","","","REVIEW unused"
"button","src/components/ui-elements/button.tsx","see grep","67","","","KEEP"
"Card","src/components/ui/Card.tsx","see grep","44","","","KEEP"
"Dialog","src/components/ui/Dialog.tsx","see grep","2","","","KEEP"
"Pagination","src/components/ui/Pagination.tsx","see grep","4","","","KEEP"
"RichTextEditor","src/components/ui/RichTextEditor.tsx","see grep","5","","","KEEP"
"admin-data-table","src/components/ui/admin-data-table.tsx","see grep","4","","","KEEP"
"dropdown","src/components/ui/dropdown.tsx","see grep","8","","","KEEP"
"skeleton","src/components/ui/skeleton.tsx","see grep","0","","","REVIEW unused"
"table","src/components/ui/table.tsx","see grep","34","","","KEEP"
