Model,Field,Type,Nullable,Read Usage,Write Usage,Relation,Data Present,Decision,Reason
"AdminUser","id","Int","NO","runtime/admin/repo","runtime/admin/repo","NO","see model audit","KEEP","Used by CMS/shop/auth/analytics runtime"
"AdminUser","username","String","NO","runtime/admin/repo","runtime/admin/repo","NO","see model audit","KEEP","Used by CMS/shop/auth/analytics runtime"
"AdminUser","passwordHash","String","NO","runtime/admin/repo","runtime/admin/repo","NO","see model audit","KEEP","Used by CMS/shop/auth/analytics runtime"
"AdminUser","email","String","YES","runtime/admin/repo","runtime/admin/repo","NO","see model audit","KEEP","Used by CMS/shop/auth/analytics runtime"
"AdminUser","displayName","String","YES","runtime/admin/repo","runtime/admin/repo","NO","see model audit","KEEP","Used by CMS/shop/auth/analytics runtime"
"AdminUser","roleId","Int","NO","runtime/admin/repo","runtime/admin/repo","NO","see model audit","KEEP","Used by CMS/shop/auth/analytics runtime"
"AdminUser","isActive","Boolean","NO","runtime/admin/repo","runtime/admin/repo","NO","see model audit","KEEP","Used by CMS/shop/auth/analytics runtime"
"AdminUser","createdAt","DateTime","NO","runtime/admin/repo","runtime/admin/repo","NO","see model audit","KEEP","Used by CMS/shop/auth/analytics runtime"
"AdminUser","updatedAt","DateTime","NO","runtime/admin/repo","runtime/admin/repo","NO","see model audit","KEEP","Used by CMS/shop/auth/analytics runtime"
"Post","id","Int","NO","runtime/admin/repo","runtime/admin/repo","NO","see model audit","KEEP","Used by CMS/shop/auth/analytics runtime"
"Post","title","String","NO","runtime/admin/repo","runtime/admin/repo","NO","see model audit","KEEP","Used by CMS/shop/auth/analytics runtime"
"Post","slug","String","NO","runtime/admin/repo","runtime/admin/repo","NO","see model audit","KEEP","Used by CMS/shop/auth/analytics runtime"
"Post","excerpt","String","NO","runtime/admin/repo","runtime/admin/repo","NO","see model audit","KEEP","Used by CMS/shop/auth/analytics runtime"
"Post","content","String","NO","runtime/admin/repo","runtime/admin/repo","NO","see model audit","KEEP","Used by CMS/shop/auth/analytics runtime"
"Post","image","String","YES","runtime/admin/repo","runtime/admin/repo","NO","see model audit","KEEP","Used by CMS/shop/auth/analytics runtime"
"Post","category","String","YES","blog filter/list","CMS form","NO","all 12 posts filled","KEEP","String match to BlogCategory.name; no FK"
"Post","published","Boolean","NO","runtime/admin/repo","runtime/admin/repo","NO","see model audit","KEEP","Used by CMS/shop/auth/analytics runtime"
"Post","metaTitle","String","YES","runtime/admin/repo","runtime/admin/repo","NO","see model audit","KEEP","Used by CMS/shop/auth/analytics runtime"
"Post","metaDescription","String","YES","runtime/admin/repo","runtime/admin/repo","NO","see model audit","KEEP","Used by CMS/shop/auth/analytics runtime"
"Post","targetArea","String","YES","runtime/admin/repo","runtime/admin/repo","NO","see model audit","KEEP","Used by CMS/shop/auth/analytics runtime"
"Post","faqJson","String","YES","runtime/admin/repo","runtime/admin/repo","NO","see model audit","KEEP","Used by CMS/shop/auth/analytics runtime"
"Post","createdAt","DateTime","NO","runtime/admin/repo","runtime/admin/repo","NO","see model audit","KEEP","Used by CMS/shop/auth/analytics runtime"
"Post","updatedAt","DateTime","NO","runtime/admin/repo","runtime/admin/repo","NO","see model audit","KEEP","Used by CMS/shop/auth/analytics runtime"
"Post","translations","PostTranslation[]","NO","relation","cascade/connect","YES","see model audit","KEEP","Active Prisma relation"
"PostTranslation","id","Int","NO","runtime/admin/repo","runtime/admin/repo","NO","see model audit","KEEP","Used by CMS/shop/auth/analytics runtime"
"PostTranslation","postId","Int","NO","runtime/admin/repo","runtime/admin/repo","NO","see model audit","KEEP","Used by CMS/shop/auth/analytics runtime"
"PostTranslation","locale","String","NO","runtime/admin/repo","runtime/admin/repo","NO","see model audit","KEEP","Used by CMS/shop/auth/analytics runtime"
"PostTranslation","title","String","NO","runtime/admin/repo","runtime/admin/repo","NO","see model audit","KEEP","Used by CMS/shop/auth/analytics runtime"
"PostTranslation","excerpt","String","YES","runtime/admin/repo","runtime/admin/repo","NO","see model audit","KEEP","Used by CMS/shop/auth/analytics runtime"
"PostTranslation","content","String","YES","runtime/admin/repo","runtime/admin/repo","NO","see model audit","KEEP","Used by CMS/shop/auth/analytics runtime"
"PostTranslation","metaTitle","String","YES","runtime/admin/repo","runtime/admin/repo","NO","see model audit","KEEP","Used by CMS/shop/auth/analytics runtime"
"PostTranslation","metaDescription","String","YES","runtime/admin/repo","runtime/admin/repo","NO","see model audit","KEEP","Used by CMS/shop/auth/analytics runtime"
"PostTranslation","targetArea","String","YES","runtime/admin/repo","runtime/admin/repo","NO","see model audit","KEEP","Used by CMS/shop/auth/analytics runtime"
"PostTranslation","faqJson","String","YES","runtime/admin/repo","runtime/admin/repo","NO","see model audit","KEEP","Used by CMS/shop/auth/analytics runtime"
"PostTranslation","post","Post","NO","runtime/admin/repo","runtime/admin/repo","NO","see model audit","KEEP","Used by CMS/shop/auth/analytics runtime"
"Portfolio","id","Int","NO","runtime/admin/repo","runtime/admin/repo","NO","see model audit","KEEP","Used by CMS/shop/auth/analytics runtime"
"Portfolio","projectName","String","NO","runtime/admin/repo","runtime/admin/repo","NO","see model audit","KEEP","Used by CMS/shop/auth/analytics runtime"
"Portfolio","slug","String","NO","runtime/admin/repo","runtime/admin/repo","NO","see model audit","KEEP","Used by CMS/shop/auth/analytics runtime"
"Portfolio","description","String","NO","runtime/admin/repo","runtime/admin/repo","NO","see model audit","KEEP","Used by CMS/shop/auth/analytics runtime"
"Portfolio","imageUrl","String","NO","runtime/admin/repo","runtime/admin/repo","NO","see model audit","KEEP","Used by CMS/shop/auth/analytics runtime"
"Portfolio","link","String","YES","runtime/admin/repo","runtime/admin/repo","NO","see model audit","KEEP","Used by CMS/shop/auth/analytics runtime"
"Portfolio","category","String","YES","runtime/admin/repo","runtime/admin/repo","NO","see model audit","KEEP","Used by CMS/shop/auth/analytics runtime"
"Portfolio","featured","Boolean","NO","list queries/index","admin","NO","used","KEEP",""
"Portfolio","metaTitle","String","YES","runtime/admin/repo","runtime/admin/repo","NO","see model audit","KEEP","Used by CMS/shop/auth/analytics runtime"
"Portfolio","metaDescription","String","YES","runtime/admin/repo","runtime/admin/repo","NO","see model audit","KEEP","Used by CMS/shop/auth/analytics runtime"
"Portfolio","targetArea","String","YES","runtime/admin/repo","runtime/admin/repo","NO","see model audit","KEEP","Used by CMS/shop/auth/analytics runtime"
"Portfolio","faqJson","String","YES","runtime/admin/repo","runtime/admin/repo","NO","see model audit","KEEP","Used by CMS/shop/auth/analytics runtime"
"Portfolio","albumJson","String","YES","runtime/admin/repo","runtime/admin/repo","NO","see model audit","KEEP","Used by CMS/shop/auth/analytics runtime"
"Portfolio","createdAt","DateTime","NO","runtime/admin/repo","runtime/admin/repo","NO","see model audit","KEEP","Used by CMS/shop/auth/analytics runtime"
"Portfolio","updatedAt","DateTime","NO","runtime/admin/repo","runtime/admin/repo","NO","see model audit","KEEP","Used by CMS/shop/auth/analytics runtime"
"Portfolio","translations","PortfolioTranslation[]","NO","relation","cascade/connect","YES","see model audit","KEEP","Active Prisma relation"
"PortfolioTranslation","id","Int","NO","runtime/admin/repo","runtime/admin/repo","NO","see model audit","KEEP","Used by CMS/shop/auth/analytics runtime"
"PortfolioTranslation","portfolioId","Int","NO","runtime/admin/repo","runtime/admin/repo","NO","see model audit","KEEP","Used by CMS/shop/auth/analytics runtime"
"PortfolioTranslation","locale","String","NO","runtime/admin/repo","runtime/admin/repo","NO","see model audit","KEEP","Used by CMS/shop/auth/analytics runtime"
"PortfolioTranslation","projectName","String","NO","runtime/admin/repo","runtime/admin/repo","NO","see model audit","KEEP","Used by CMS/shop/auth/analytics runtime"
"PortfolioTranslation","description","String","YES","runtime/admin/repo","runtime/admin/repo","NO","see model audit","KEEP","Used by CMS/shop/auth/analytics runtime"
"PortfolioTranslation","metaTitle","String","YES","runtime/admin/repo","runtime/admin/repo","NO","see model audit","KEEP","Used by CMS/shop/auth/analytics runtime"
"PortfolioTranslation","metaDescription","String","YES","runtime/admin/repo","runtime/admin/repo","NO","see model audit","KEEP","Used by CMS/shop/auth/analytics runtime"
"PortfolioTranslation","targetArea","String","YES","runtime/admin/repo","runtime/admin/repo","NO","see model audit","KEEP","Used by CMS/shop/auth/analytics runtime"
"PortfolioTranslation","faqJson","String","YES","runtime/admin/repo","runtime/admin/repo","NO","see model audit","KEEP","Used by CMS/shop/auth/analytics runtime"
"PortfolioTranslation","portfolio","Portfolio","NO","runtime/admin/repo","runtime/admin/repo","NO","see model audit","KEEP","Used by CMS/shop/auth/analytics runtime"
"Service","id","Int","NO","runtime/admin/repo","runtime/admin/repo","NO","see model audit","KEEP","Used by CMS/shop/auth/analytics runtime"
"Service","name","String","NO","runtime/admin/repo","runtime/admin/repo","NO","see model audit","KEEP","Used by CMS/shop/auth/analytics runtime"
"Service","slug","String","NO","runtime/admin/repo","runtime/admin/repo","NO","see model audit","KEEP","Used by CMS/shop/auth/analytics runtime"
"Service","description","String","NO","runtime/admin/repo","runtime/admin/repo","NO","see model audit","KEEP","Used by CMS/shop/auth/analytics runtime"
"Service","icon","String","YES","runtime/admin/repo","runtime/admin/repo","NO","see model audit","KEEP","Used by CMS/shop/auth/analytics runtime"
"Service","imageUrl","String","YES","runtime/admin/repo","runtime/admin/repo","NO","see model audit","KEEP","Used by CMS/shop/auth/analytics runtime"
"Service","metaTitle","String","YES","possible CMS render","no admin CRUD","NO","empty","REVIEW","Hardcoded route metadata owns SEO"
"Service","metaDescription","String","YES","runtime/admin/repo","runtime/admin/repo","NO","see model audit","KEEP","Used by CMS/shop/auth/analytics runtime"
"Service","targetArea","String","YES","runtime/admin/repo","runtime/admin/repo","NO","see model audit","KEEP","Used by CMS/shop/auth/analytics runtime"
"Service","faqJson","String","YES","service pages if CMS-driven","none dedicated admin","NO","all 3 empty","REVIEW","Core service pages are hardcoded; field unused in data"
"Service","sortOrder","Int","NO","runtime/admin/repo","runtime/admin/repo","NO","see model audit","KEEP","Used by CMS/shop/auth/analytics runtime"
"Service","createdAt","DateTime","NO","runtime/admin/repo","runtime/admin/repo","NO","see model audit","KEEP","Used by CMS/shop/auth/analytics runtime"
"Service","updatedAt","DateTime","NO","runtime/admin/repo","runtime/admin/repo","NO","see model audit","KEEP","Used by CMS/shop/auth/analytics runtime"
"ContactSubmission","id","Int","NO","runtime/admin/repo","runtime/admin/repo","NO","see model audit","KEEP","Used by CMS/shop/auth/analytics runtime"
"ContactSubmission","name","String","NO","runtime/admin/repo","runtime/admin/repo","NO","see model audit","KEEP","Used by CMS/shop/auth/analytics runtime"
"ContactSubmission","email","String","NO","runtime/admin/repo","runtime/admin/repo","NO","see model audit","KEEP","Used by CMS/shop/auth/analytics runtime"
"ContactSubmission","company","String","YES","runtime/admin/repo","runtime/admin/repo","NO","see model audit","KEEP","Used by CMS/shop/auth/analytics runtime"
"ContactSubmission","phone","String","YES","runtime/admin/repo","runtime/admin/repo","NO","see model audit","KEEP","Used by CMS/shop/auth/analytics runtime"
"ContactSubmission","message","String","NO","runtime/admin/repo","runtime/admin/repo","NO","see model audit","KEEP","Used by CMS/shop/auth/analytics runtime"
"ContactSubmission","status","String","NO","runtime/admin/repo","runtime/admin/repo","NO","see model audit","KEEP","Used by CMS/shop/auth/analytics runtime"
"ContactSubmission","createdAt","DateTime","NO","runtime/admin/repo","runtime/admin/repo","NO","see model audit","KEEP","Used by CMS/shop/auth/analytics runtime"
"CompanyInfo","id","Int","NO","runtime/admin/repo","runtime/admin/repo","NO","see model audit","KEEP","Used by CMS/shop/auth/analytics runtime"
"CompanyInfo","companyName","String","NO","runtime/admin/repo","runtime/admin/repo","NO","see model audit","KEEP","Used by CMS/shop/auth/analytics runtime"
"CompanyInfo","senderEmail","String","NO","runtime/admin/repo","runtime/admin/repo","NO","see model audit","KEEP","Used by CMS/shop/auth/analytics runtime"
"CompanyInfo","brandName","String","NO","runtime/admin/repo","runtime/admin/repo","NO","see model audit","KEEP","Used by CMS/shop/auth/analytics runtime"
"CompanyInfo","companyNameTh","String","NO","runtime/admin/repo","runtime/admin/repo","NO","see model audit","KEEP","Used by CMS/shop/auth/analytics runtime"
"CompanyInfo","companyNameEn","String","NO","runtime/admin/repo","runtime/admin/repo","NO","see model audit","KEEP","Used by CMS/shop/auth/analytics runtime"
"CompanyInfo","telephone","String","NO","runtime/admin/repo","runtime/admin/repo","NO","see model audit","KEEP","Used by CMS/shop/auth/analytics runtime"
"CompanyInfo","email","String","NO","runtime/admin/repo","runtime/admin/repo","NO","see model audit","KEEP","Used by CMS/shop/auth/analytics runtime"
"CompanyInfo","taxId","String","NO","runtime/admin/repo","runtime/admin/repo","NO","see model audit","KEEP","Used by CMS/shop/auth/analytics runtime"
"CompanyInfo","foundingDate","String","NO","runtime/admin/repo","runtime/admin/repo","NO","see model audit","KEEP","Used by CMS/shop/auth/analytics runtime"
"CompanyInfo","addressTh","String","NO","runtime/admin/repo","runtime/admin/repo","NO","see model audit","KEEP","Used by CMS/shop/auth/analytics runtime"
"CompanyInfo","streetAddressTh","String","NO","runtime/admin/repo","runtime/admin/repo","NO","see model audit","KEEP","Used by CMS/shop/auth/analytics runtime"
"CompanyInfo","addressLocalityTh","String","NO","runtime/admin/repo","runtime/admin/repo","NO","see model audit","KEEP","Used by CMS/shop/auth/analytics runtime"
"CompanyInfo","addressRegionTh","String","NO","runtime/admin/repo","runtime/admin/repo","NO","see model audit","KEEP","Used by CMS/shop/auth/analytics runtime"
"CompanyInfo","postalCodeTh","String","NO","runtime/admin/repo","runtime/admin/repo","NO","see model audit","KEEP","Used by CMS/shop/auth/analytics runtime"
"CompanyInfo","addressEn","String","NO","runtime/admin/repo","runtime/admin/repo","NO","see model audit","KEEP","Used by CMS/shop/auth/analytics runtime"
"CompanyInfo","streetAddressEn","String","NO","runtime/admin/repo","runtime/admin/repo","NO","see model audit","KEEP","Used by CMS/shop/auth/analytics runtime"
"CompanyInfo","addressLocalityEn","String","NO","runtime/admin/repo","runtime/admin/repo","NO","see model audit","KEEP","Used by CMS/shop/auth/analytics runtime"
"CompanyInfo","addressRegionEn","String","NO","runtime/admin/repo","runtime/admin/repo","NO","see model audit","KEEP","Used by CMS/shop/auth/analytics runtime"
"CompanyInfo","postalCodeEn","String","NO","runtime/admin/repo","runtime/admin/repo","NO","see model audit","KEEP","Used by CMS/shop/auth/analytics runtime"
"CompanyInfo","latitude","Float","NO","runtime/admin/repo","runtime/admin/repo","NO","see model audit","KEEP","Used by CMS/shop/auth/analytics runtime"
"CompanyInfo","longitude","Float","NO","runtime/admin/repo","runtime/admin/repo","NO","see model audit","KEEP","Used by CMS/shop/auth/analytics runtime"
"CompanyInfo","googleMapsUrl","String","NO","runtime/admin/repo","runtime/admin/repo","NO","see model audit","KEEP","Used by CMS/shop/auth/analytics runtime"
"CompanyInfo","facebookLink","String","NO","runtime/admin/repo","runtime/admin/repo","NO","see model audit","KEEP","Used by CMS/shop/auth/analytics runtime"
"CompanyInfo","linkedinLink","String","NO","runtime/admin/repo","runtime/admin/repo","NO","see model audit","KEEP","Used by CMS/shop/auth/analytics runtime"
"CompanyInfo","lineId","String","NO","runtime/admin/repo","runtime/admin/repo","NO","see model audit","KEEP","Used by CMS/shop/auth/analytics runtime"
"CompanyInfo","lineLink","String","NO","runtime/admin/repo","runtime/admin/repo","NO","see model audit","KEEP","Used by CMS/shop/auth/analytics runtime"
"CompanyInfo","messengerLink","String","NO","runtime/admin/repo","runtime/admin/repo","NO","see model audit","KEEP","Used by CMS/shop/auth/analytics runtime"
"CompanyInfo","tiktokLink","String","NO","runtime/admin/repo","runtime/admin/repo","NO","see model audit","KEEP","Used by CMS/shop/auth/analytics runtime"
"CompanyInfo","youtubeLink","String","NO","runtime/admin/repo","runtime/admin/repo","NO","see model audit","KEEP","Used by CMS/shop/auth/analytics runtime"
"CompanyInfo","pinterestLink","String","NO","runtime/admin/repo","runtime/admin/repo","NO","see model audit","KEEP","Used by CMS/shop/auth/analytics runtime"
"CompanyInfo","smtpHost","String","NO","NONE in app","script update_db_info","NO","empty","REVIEW","Deprecated; Resend is mail path; script still writes"
"CompanyInfo","smtpPort","Int","NO","NONE in app","script update_db_info","NO","default 587","REVIEW","Deprecated SMTP"
"CompanyInfo","smtpSecure","Boolean","NO","NONE in app","script update_db_info","NO","default","REVIEW","Deprecated SMTP"
"CompanyInfo","smtpUser","String","NO","NONE in app","script update_db_info","NO","empty","REVIEW","Deprecated SMTP"
"CompanyInfo","smtpPass","String","NO","NONE in app","script update_db_info","NO","empty","REVIEW","Deprecated SMTP"
"CompanyInfo","smtpFromName","String","NO","NONE in app","script update_db_info","NO","default string","REVIEW","Deprecated SMTP"
"CompanyInfo","updatedAt","DateTime","NO","runtime/admin/repo","runtime/admin/repo","NO","see model audit","KEEP","Used by CMS/shop/auth/analytics runtime"
"BlogCategory","id","Int","NO","runtime/admin/repo","runtime/admin/repo","NO","see model audit","KEEP","Used by CMS/shop/auth/analytics runtime"
"BlogCategory","name","String","NO","runtime/admin/repo","runtime/admin/repo","NO","see model audit","KEEP","Used by CMS/shop/auth/analytics runtime"
"BlogCategory","slug","String","NO","runtime/admin/repo","runtime/admin/repo","NO","see model audit","KEEP","Used by CMS/shop/auth/analytics runtime"
"BlogCategory","createdAt","DateTime","NO","runtime/admin/repo","runtime/admin/repo","NO","see model audit","KEEP","Used by CMS/shop/auth/analytics runtime"
"BlogCategory","updatedAt","DateTime","NO","runtime/admin/repo","runtime/admin/repo","NO","see model audit","KEEP","Used by CMS/shop/auth/analytics runtime"
"PasswordResetToken","id","Int","NO","runtime/admin/repo","runtime/admin/repo","NO","see model audit","KEEP","Used by CMS/shop/auth/analytics runtime"
"PasswordResetToken","email","String","NO","runtime/admin/repo","runtime/admin/repo","NO","see model audit","KEEP","Used by CMS/shop/auth/analytics runtime"
"PasswordResetToken","token","String","NO","runtime/admin/repo","runtime/admin/repo","NO","see model audit","KEEP","Used by CMS/shop/auth/analytics runtime"
"PasswordResetToken","expiresAt","DateTime","NO","runtime/admin/repo","runtime/admin/repo","NO","see model audit","KEEP","Used by CMS/shop/auth/analytics runtime"
"PasswordResetToken","createdAt","DateTime","NO","runtime/admin/repo","runtime/admin/repo","NO","see model audit","KEEP","Used by CMS/shop/auth/analytics runtime"
"ProductCategory","id","Int","NO","runtime/admin/repo","runtime/admin/repo","NO","see model audit","KEEP","Used by CMS/shop/auth/analytics runtime"
"ProductCategory","slug","String","NO","runtime/admin/repo","runtime/admin/repo","NO","see model audit","KEEP","Used by CMS/shop/auth/analytics runtime"
"ProductCategory","sortOrder","Int","NO","runtime/admin/repo","runtime/admin/repo","NO","see model audit","KEEP","Used by CMS/shop/auth/analytics runtime"
"ProductCategory","published","Boolean","NO","runtime/admin/repo","runtime/admin/repo","NO","see model audit","KEEP","Used by CMS/shop/auth/analytics runtime"
"ProductCategory","imageUrl","String","YES","runtime/admin/repo","runtime/admin/repo","NO","see model audit","KEEP","Used by CMS/shop/auth/analytics runtime"
"ProductCategory","createdAt","DateTime","NO","runtime/admin/repo","runtime/admin/repo","NO","see model audit","KEEP","Used by CMS/shop/auth/analytics runtime"
"ProductCategory","updatedAt","DateTime","NO","runtime/admin/repo","runtime/admin/repo","NO","see model audit","KEEP","Used by CMS/shop/auth/analytics runtime"
"ProductCategory","translations","ProductCategoryTranslation[]","NO","relation","cascade/connect","YES","see model audit","KEEP","Active Prisma relation"
"ProductCategory","products","Product[]","NO","relation","cascade/connect","YES","see model audit","KEEP","Active Prisma relation"
"ProductCategory","productLinks","ProductCategoryLink[]","NO","relation","cascade/connect","YES","see model audit","KEEP","Active Prisma relation"
"ProductCategoryLink","productId","Int","NO","runtime/admin/repo","runtime/admin/repo","NO","see model audit","KEEP","Used by CMS/shop/auth/analytics runtime"
"ProductCategoryLink","categoryId","Int","NO","runtime/admin/repo","runtime/admin/repo","NO","see model audit","KEEP","Used by CMS/shop/auth/analytics runtime"
"ProductCategoryLink","product","Product","NO","runtime/admin/repo","runtime/admin/repo","NO","see model audit","KEEP","Used by CMS/shop/auth/analytics runtime"
"ProductCategoryLink","category","ProductCategory","NO","relation","cascade/connect","YES","see model audit","KEEP","Active Prisma relation"
"ProductCategoryTranslation","id","Int","NO","runtime/admin/repo","runtime/admin/repo","NO","see model audit","KEEP","Used by CMS/shop/auth/analytics runtime"
"ProductCategoryTranslation","categoryId","Int","NO","runtime/admin/repo","runtime/admin/repo","NO","see model audit","KEEP","Used by CMS/shop/auth/analytics runtime"
"ProductCategoryTranslation","locale","String","NO","runtime/admin/repo","runtime/admin/repo","NO","see model audit","KEEP","Used by CMS/shop/auth/analytics runtime"
"ProductCategoryTranslation","name","String","NO","runtime/admin/repo","runtime/admin/repo","NO","see model audit","KEEP","Used by CMS/shop/auth/analytics runtime"
"ProductCategoryTranslation","description","String","YES","runtime/admin/repo","runtime/admin/repo","NO","see model audit","KEEP","Used by CMS/shop/auth/analytics runtime"
"ProductCategoryTranslation","category","ProductCategory","NO","relation","cascade/connect","YES","see model audit","KEEP","Active Prisma relation"
"Product","id","Int","NO","runtime/admin/repo","runtime/admin/repo","NO","see model audit","KEEP","Used by CMS/shop/auth/analytics runtime"
"Product","slug","String","NO","runtime/admin/repo","runtime/admin/repo","NO","see model audit","KEEP","Used by CMS/shop/auth/analytics runtime"
"Product","status","String","NO","runtime/admin/repo","runtime/admin/repo","NO","see model audit","KEEP","Used by CMS/shop/auth/analytics runtime"
"Product","featured","Boolean","NO","runtime/admin/repo","runtime/admin/repo","NO","see model audit","KEEP","Used by CMS/shop/auth/analytics runtime"
"Product","isNewArrival","Boolean","NO","runtime/admin/repo","runtime/admin/repo","NO","see model audit","KEEP","Used by CMS/shop/auth/analytics runtime"
"Product","isBestseller","Boolean","NO","runtime/admin/repo","runtime/admin/repo","NO","see model audit","KEEP","Used by CMS/shop/auth/analytics runtime"
"Product","categoryId","Int","YES","PDP related products","admin form","NO","used with links","KEEP","Dual with ProductCategoryLink"
"Product","imageUrl","String","YES","runtime/admin/repo","runtime/admin/repo","NO","see model audit","KEEP","Used by CMS/shop/auth/analytics runtime"
"Product","galleryJson","String","YES","runtime/admin/repo","runtime/admin/repo","NO","see model audit","KEEP","Used by CMS/shop/auth/analytics runtime"
"Product","weightGrams","Int","YES","runtime/admin/repo","runtime/admin/repo","NO","see model audit","KEEP","Used by CMS/shop/auth/analytics runtime"
"Product","attributesJson","String","YES","runtime/admin/repo","runtime/admin/repo","NO","see model audit","KEEP","Used by CMS/shop/auth/analytics runtime"
"Product","sizeGuide","String","YES","runtime/admin/repo","runtime/admin/repo","NO","see model audit","KEEP","Used by CMS/shop/auth/analytics runtime"
"Product","salesCount","Int","NO","runtime/admin/repo","runtime/admin/repo","NO","see model audit","KEEP","Used by CMS/shop/auth/analytics runtime"
"Product","createdAt","DateTime","NO","runtime/admin/repo","runtime/admin/repo","NO","see model audit","KEEP","Used by CMS/shop/auth/analytics runtime"
"Product","updatedAt","DateTime","NO","runtime/admin/repo","runtime/admin/repo","NO","see model audit","KEEP","Used by CMS/shop/auth/analytics runtime"
"Product","category","ProductCategory","YES","relation","cascade/connect","YES","see model audit","KEEP","Active Prisma relation"
"Product","categoryLinks","ProductCategoryLink[]","NO","relation","cascade/connect","YES","see model audit","KEEP","Active Prisma relation"
"Product","translations","ProductTranslation[]","NO","relation","cascade/connect","YES","see model audit","KEEP","Active Prisma relation"
"Product","variants","ProductVariant[]","NO","relation","cascade/connect","YES","see model audit","KEEP","Active Prisma relation"
"Product","cartItems","CartItem[]","NO","relation","cascade/connect","YES","see model audit","KEEP","Active Prisma relation"
"Product","orderItems","OrderItem[]","NO","relation","cascade/connect","YES","see model audit","KEEP","Active Prisma relation"
"Product","wishlistItems","WishlistItem[]","NO","relation","cascade/connect","YES","see model audit","KEEP","Active Prisma relation"
"ProductTranslation","id","Int","NO","runtime/admin/repo","runtime/admin/repo","NO","see model audit","KEEP","Used by CMS/shop/auth/analytics runtime"
"ProductTranslation","productId","Int","NO","runtime/admin/repo","runtime/admin/repo","NO","see model audit","KEEP","Used by CMS/shop/auth/analytics runtime"
"ProductTranslation","locale","String","NO","runtime/admin/repo","runtime/admin/repo","NO","see model audit","KEEP","Used by CMS/shop/auth/analytics runtime"
"ProductTranslation","name","String","NO","runtime/admin/repo","runtime/admin/repo","NO","see model audit","KEEP","Used by CMS/shop/auth/analytics runtime"
"ProductTranslation","excerpt","String","YES","runtime/admin/repo","runtime/admin/repo","NO","see model audit","KEEP","Used by CMS/shop/auth/analytics runtime"
"ProductTranslation","description","String","YES","runtime/admin/repo","runtime/admin/repo","NO","see model audit","KEEP","Used by CMS/shop/auth/analytics runtime"
"ProductTranslation","metaTitle","String","YES","runtime/admin/repo","runtime/admin/repo","NO","see model audit","KEEP","Used by CMS/shop/auth/analytics runtime"
"ProductTranslation","metaDescription","String","YES","runtime/admin/repo","runtime/admin/repo","NO","see model audit","KEEP","Used by CMS/shop/auth/analytics runtime"
"ProductTranslation","keywords","String","YES","runtime/admin/repo","runtime/admin/repo","NO","see model audit","KEEP","Used by CMS/shop/auth/analytics runtime"
"ProductTranslation","aeoAnswer","String","YES","runtime/admin/repo","runtime/admin/repo","NO","see model audit","KEEP","Used by CMS/shop/auth/analytics runtime"
"ProductTranslation","faqJson","String","YES","runtime/admin/repo","runtime/admin/repo","NO","see model audit","KEEP","Used by CMS/shop/auth/analytics runtime"
"ProductTranslation","geoPlace","String","YES","runtime/admin/repo","runtime/admin/repo","NO","see model audit","KEEP","Used by CMS/shop/auth/analytics runtime"
"ProductTranslation","geoArea","String","YES","runtime/admin/repo","runtime/admin/repo","NO","see model audit","KEEP","Used by CMS/shop/auth/analytics runtime"
"ProductTranslation","product","Product","NO","runtime/admin/repo","runtime/admin/repo","NO","see model audit","KEEP","Used by CMS/shop/auth/analytics runtime"
"ProductVariant","id","Int","NO","runtime/admin/repo","runtime/admin/repo","NO","see model audit","KEEP","Used by CMS/shop/auth/analytics runtime"
"ProductVariant","productId","Int","NO","runtime/admin/repo","runtime/admin/repo","NO","see model audit","KEEP","Used by CMS/shop/auth/analytics runtime"
"ProductVariant","sku","String","NO","runtime/admin/repo","runtime/admin/repo","NO","see model audit","KEEP","Used by CMS/shop/auth/analytics runtime"
"ProductVariant","color","String","NO","runtime/admin/repo","runtime/admin/repo","NO","see model audit","KEEP","Used by CMS/shop/auth/analytics runtime"
"ProductVariant","colorHex","String","YES","runtime/admin/repo","runtime/admin/repo","NO","see model audit","KEEP","Used by CMS/shop/auth/analytics runtime"
"ProductVariant","size","String","NO","runtime/admin/repo","runtime/admin/repo","NO","see model audit","KEEP","Used by CMS/shop/auth/analytics runtime"
"ProductVariant","price","Int","NO","TH fallback in shop repo","admin save still writes","NO","present on demo variants","KEEP","Schema marks deprecated; ProductVariantPrice is canonical"
"ProductVariant","compareAtPrice","Int","YES","runtime/admin/repo","runtime/admin/repo","NO","see model audit","KEEP","Used by CMS/shop/auth/analytics runtime"
"ProductVariant","stock","Int","NO","runtime/admin/repo","runtime/admin/repo","NO","see model audit","KEEP","Used by CMS/shop/auth/analytics runtime"
"ProductVariant","imageUrl","String","YES","runtime/admin/repo","runtime/admin/repo","NO","see model audit","KEEP","Used by CMS/shop/auth/analytics runtime"
"ProductVariant","galleryJson","String","YES","runtime/admin/repo","runtime/admin/repo","NO","see model audit","KEEP","Used by CMS/shop/auth/analytics runtime"
"ProductVariant","sortOrder","Int","NO","runtime/admin/repo","runtime/admin/repo","NO","see model audit","KEEP","Used by CMS/shop/auth/analytics runtime"
"ProductVariant","createdAt","DateTime","NO","runtime/admin/repo","runtime/admin/repo","NO","see model audit","KEEP","Used by CMS/shop/auth/analytics runtime"
"ProductVariant","updatedAt","DateTime","NO","runtime/admin/repo","runtime/admin/repo","NO","see model audit","KEEP","Used by CMS/shop/auth/analytics runtime"
"ProductVariant","product","Product","NO","runtime/admin/repo","runtime/admin/repo","NO","see model audit","KEEP","Used by CMS/shop/auth/analytics runtime"
"ProductVariant","prices","ProductVariantPrice[]","NO","relation","cascade/connect","YES","see model audit","KEEP","Active Prisma relation"
"ProductVariant","cartItems","CartItem[]","NO","relation","cascade/connect","YES","see model audit","KEEP","Active Prisma relation"
"ProductVariant","orderItems","OrderItem[]","NO","relation","cascade/connect","YES","see model audit","KEEP","Active Prisma relation"
"ProductVariant","wishlistItems","WishlistItem[]","NO","relation","cascade/connect","YES","see model audit","KEEP","Active Prisma relation"
"ProductVariantPrice","id","Int","NO","runtime/admin/repo","runtime/admin/repo","NO","see model audit","KEEP","Used by CMS/shop/auth/analytics runtime"
"ProductVariantPrice","variantId","Int","NO","runtime/admin/repo","runtime/admin/repo","NO","see model audit","KEEP","Used by CMS/shop/auth/analytics runtime"
"ProductVariantPrice","locale","String","NO","runtime/admin/repo","runtime/admin/repo","NO","see model audit","KEEP","Used by CMS/shop/auth/analytics runtime"
"ProductVariantPrice","currency","String","NO","runtime/admin/repo","runtime/admin/repo","NO","see model audit","KEEP","Used by CMS/shop/auth/analytics runtime"
"ProductVariantPrice","price","Int","NO","runtime/admin/repo","runtime/admin/repo","NO","see model audit","KEEP","Used by CMS/shop/auth/analytics runtime"
"ProductVariantPrice","compareAtPrice","Int","YES","runtime/admin/repo","runtime/admin/repo","NO","see model audit","KEEP","Used by CMS/shop/auth/analytics runtime"
"ProductVariantPrice","variant","ProductVariant","NO","relation","cascade/connect","YES","see model audit","KEEP","Active Prisma relation"
"Cart","id","String","NO","runtime/admin/repo","runtime/admin/repo","NO","see model audit","KEEP","Used by CMS/shop/auth/analytics runtime"
"Cart","locale","String","YES","runtime/admin/repo","runtime/admin/repo","NO","see model audit","KEEP","Used by CMS/shop/auth/analytics runtime"
"Cart","createdAt","DateTime","NO","runtime/admin/repo","runtime/admin/repo","NO","see model audit","KEEP","Used by CMS/shop/auth/analytics runtime"
"Cart","updatedAt","DateTime","NO","runtime/admin/repo","runtime/admin/repo","NO","see model audit","KEEP","Used by CMS/shop/auth/analytics runtime"
"Cart","items","CartItem[]","NO","relation","cascade/connect","YES","see model audit","KEEP","Active Prisma relation"
"CartItem","id","Int","NO","runtime/admin/repo","runtime/admin/repo","NO","see model audit","KEEP","Used by CMS/shop/auth/analytics runtime"
"CartItem","cartId","String","NO","runtime/admin/repo","runtime/admin/repo","NO","see model audit","KEEP","Used by CMS/shop/auth/analytics runtime"
"CartItem","productId","Int","NO","runtime/admin/repo","runtime/admin/repo","NO","see model audit","KEEP","Used by CMS/shop/auth/analytics runtime"
"CartItem","variantId","Int","NO","runtime/admin/repo","runtime/admin/repo","NO","see model audit","KEEP","Used by CMS/shop/auth/analytics runtime"
"CartItem","quantity","Int","NO","runtime/admin/repo","runtime/admin/repo","NO","see model audit","KEEP","Used by CMS/shop/auth/analytics runtime"
"CartItem","createdAt","DateTime","NO","runtime/admin/repo","runtime/admin/repo","NO","see model audit","KEEP","Used by CMS/shop/auth/analytics runtime"
"CartItem","updatedAt","DateTime","NO","runtime/admin/repo","runtime/admin/repo","NO","see model audit","KEEP","Used by CMS/shop/auth/analytics runtime"
"CartItem","cart","Cart","NO","runtime/admin/repo","runtime/admin/repo","NO","see model audit","KEEP","Used by CMS/shop/auth/analytics runtime"
"CartItem","product","Product","NO","runtime/admin/repo","runtime/admin/repo","NO","see model audit","KEEP","Used by CMS/shop/auth/analytics runtime"
"CartItem","variant","ProductVariant","NO","relation","cascade/connect","YES","see model audit","KEEP","Active Prisma relation"
"Wishlist","id","String","NO","runtime/admin/repo","runtime/admin/repo","NO","see model audit","KEEP","Used by CMS/shop/auth/analytics runtime"
"Wishlist","createdAt","DateTime","NO","runtime/admin/repo","runtime/admin/repo","NO","see model audit","KEEP","Used by CMS/shop/auth/analytics runtime"
"Wishlist","updatedAt","DateTime","NO","runtime/admin/repo","runtime/admin/repo","NO","see model audit","KEEP","Used by CMS/shop/auth/analytics runtime"
"Wishlist","items","WishlistItem[]","NO","relation","cascade/connect","YES","see model audit","KEEP","Active Prisma relation"
"WishlistItem","id","Int","NO","runtime/admin/repo","runtime/admin/repo","NO","see model audit","KEEP","Used by CMS/shop/auth/analytics runtime"
"WishlistItem","wishlistId","String","NO","runtime/admin/repo","runtime/admin/repo","NO","see model audit","KEEP","Used by CMS/shop/auth/analytics runtime"
"WishlistItem","productId","Int","NO","runtime/admin/repo","runtime/admin/repo","NO","see model audit","KEEP","Used by CMS/shop/auth/analytics runtime"
"WishlistItem","variantId","Int","YES","runtime/admin/repo","runtime/admin/repo","NO","see model audit","KEEP","Used by CMS/shop/auth/analytics runtime"
"WishlistItem","createdAt","DateTime","NO","runtime/admin/repo","runtime/admin/repo","NO","see model audit","KEEP","Used by CMS/shop/auth/analytics runtime"
"WishlistItem","wishlist","Wishlist","NO","runtime/admin/repo","runtime/admin/repo","NO","see model audit","KEEP","Used by CMS/shop/auth/analytics runtime"
"WishlistItem","product","Product","NO","runtime/admin/repo","runtime/admin/repo","NO","see model audit","KEEP","Used by CMS/shop/auth/analytics runtime"
"WishlistItem","variant","ProductVariant","YES","relation","cascade/connect","YES","see model audit","KEEP","Active Prisma relation"
"Customer","id","Int","NO","runtime/admin/repo","runtime/admin/repo","NO","see model audit","KEEP","Used by CMS/shop/auth/analytics runtime"
"Customer","email","String","NO","runtime/admin/repo","runtime/admin/repo","NO","see model audit","KEEP","Used by CMS/shop/auth/analytics runtime"
"Customer","passwordHash","String","YES","runtime/admin/repo","runtime/admin/repo","NO","see model audit","KEEP","Used by CMS/shop/auth/analytics runtime"
"Customer","name","String","YES","runtime/admin/repo","runtime/admin/repo","NO","see model audit","KEEP","Used by CMS/shop/auth/analytics runtime"
"Customer","phone","String","YES","runtime/admin/repo","runtime/admin/repo","NO","see model audit","KEEP","Used by CMS/shop/auth/analytics runtime"
"Customer","address","String","YES","runtime/admin/repo","runtime/admin/repo","NO","see model audit","KEEP","Used by CMS/shop/auth/analytics runtime"
"Customer","city","String","YES","runtime/admin/repo","runtime/admin/repo","NO","see model audit","KEEP","Used by CMS/shop/auth/analytics runtime"
"Customer","postalCode","String","YES","runtime/admin/repo","runtime/admin/repo","NO","see model audit","KEEP","Used by CMS/shop/auth/analytics runtime"
"Customer","country","String","YES","runtime/admin/repo","runtime/admin/repo","NO","see model audit","KEEP","Used by CMS/shop/auth/analytics runtime"
"Customer","createdAt","DateTime","NO","runtime/admin/repo","runtime/admin/repo","NO","see model audit","KEEP","Used by CMS/shop/auth/analytics runtime"
"Customer","updatedAt","DateTime","NO","runtime/admin/repo","runtime/admin/repo","NO","see model audit","KEEP","Used by CMS/shop/auth/analytics runtime"
"Customer","orders","Order[]","NO","relation","cascade/connect","YES","see model audit","KEEP","Active Prisma relation"
"Customer","resetTokens","CustomerPasswordResetToken[]","NO","relation","cascade/connect","YES","see model audit","KEEP","Active Prisma relation"
"CustomerPasswordResetToken","id","Int","NO","runtime/admin/repo","runtime/admin/repo","NO","see model audit","KEEP","Used by CMS/shop/auth/analytics runtime"
"CustomerPasswordResetToken","customerId","Int","NO","runtime/admin/repo","runtime/admin/repo","NO","see model audit","KEEP","Used by CMS/shop/auth/analytics runtime"
"CustomerPasswordResetToken","token","String","NO","runtime/admin/repo","runtime/admin/repo","NO","see model audit","KEEP","Used by CMS/shop/auth/analytics runtime"
"CustomerPasswordResetToken","expiresAt","DateTime","NO","runtime/admin/repo","runtime/admin/repo","NO","see model audit","KEEP","Used by CMS/shop/auth/analytics runtime"
"CustomerPasswordResetToken","createdAt","DateTime","NO","runtime/admin/repo","runtime/admin/repo","NO","see model audit","KEEP","Used by CMS/shop/auth/analytics runtime"
"CustomerPasswordResetToken","customer","Customer","NO","runtime/admin/repo","runtime/admin/repo","NO","see model audit","KEEP","Used by CMS/shop/auth/analytics runtime"
"Order","id","Int","NO","runtime/admin/repo","runtime/admin/repo","NO","see model audit","KEEP","Used by CMS/shop/auth/analytics runtime"
"Order","orderNumber","String","NO","runtime/admin/repo","runtime/admin/repo","NO","see model audit","KEEP","Used by CMS/shop/auth/analytics runtime"
"Order","status","String","NO","runtime/admin/repo","runtime/admin/repo","NO","see model audit","KEEP","Used by CMS/shop/auth/analytics runtime"
"Order","paymentMethod","String","NO","runtime/admin/repo","runtime/admin/repo","NO","see model audit","KEEP","Used by CMS/shop/auth/analytics runtime"
"Order","currency","String","NO","runtime/admin/repo","runtime/admin/repo","NO","see model audit","KEEP","Used by CMS/shop/auth/analytics runtime"
"Order","locale","String","NO","runtime/admin/repo","runtime/admin/repo","NO","see model audit","KEEP","Used by CMS/shop/auth/analytics runtime"
"Order","email","String","NO","runtime/admin/repo","runtime/admin/repo","NO","see model audit","KEEP","Used by CMS/shop/auth/analytics runtime"
"Order","customerName","String","YES","runtime/admin/repo","runtime/admin/repo","NO","see model audit","KEEP","Used by CMS/shop/auth/analytics runtime"
"Order","phone","String","YES","runtime/admin/repo","runtime/admin/repo","NO","see model audit","KEEP","Used by CMS/shop/auth/analytics runtime"
"Order","shippingAddress","String","YES","runtime/admin/repo","runtime/admin/repo","NO","see model audit","KEEP","Used by CMS/shop/auth/analytics runtime"
"Order","shippingCity","String","YES","runtime/admin/repo","runtime/admin/repo","NO","see model audit","KEEP","Used by CMS/shop/auth/analytics runtime"
"Order","shippingPostalCode","String","YES","runtime/admin/repo","runtime/admin/repo","NO","see model audit","KEEP","Used by CMS/shop/auth/analytics runtime"
"Order","shippingCountry","String","YES","runtime/admin/repo","runtime/admin/repo","NO","see model audit","KEEP","Used by CMS/shop/auth/analytics runtime"
"Order","subtotal","Int","NO","runtime/admin/repo","runtime/admin/repo","NO","see model audit","KEEP","Used by CMS/shop/auth/analytics runtime"
"Order","shippingFee","Int","NO","runtime/admin/repo","runtime/admin/repo","NO","see model audit","KEEP","Used by CMS/shop/auth/analytics runtime"
"Order","discountAmount","Int","NO","runtime/admin/repo","runtime/admin/repo","NO","see model audit","KEEP","Used by CMS/shop/auth/analytics runtime"
"Order","couponCode","String","YES","runtime/admin/repo","runtime/admin/repo","NO","see model audit","KEEP","Used by CMS/shop/auth/analytics runtime"
"Order","total","Int","NO","runtime/admin/repo","runtime/admin/repo","NO","see model audit","KEEP","Used by CMS/shop/auth/analytics runtime"
"Order","stripeSessionId","String","YES","runtime/admin/repo","runtime/admin/repo","NO","see model audit","KEEP","Used by CMS/shop/auth/analytics runtime"
"Order","stripePaymentIntentId","String","YES","runtime/admin/repo","runtime/admin/repo","NO","see model audit","KEEP","Used by CMS/shop/auth/analytics runtime"
"Order","slipImageUrl","String","YES","runtime/admin/repo","runtime/admin/repo","NO","see model audit","KEEP","Used by CMS/shop/auth/analytics runtime"
"Order","transferNote","String","YES","runtime/admin/repo","runtime/admin/repo","NO","see model audit","KEEP","Used by CMS/shop/auth/analytics runtime"
"Order","trackingNumber","String","YES","runtime/admin/repo","runtime/admin/repo","NO","see model audit","KEEP","Used by CMS/shop/auth/analytics runtime"
"Order","customerId","Int","YES","runtime/admin/repo","runtime/admin/repo","NO","see model audit","KEEP","Used by CMS/shop/auth/analytics runtime"
"Order","cartId","String","YES","runtime/admin/repo","runtime/admin/repo","NO","see model audit","KEEP","Used by CMS/shop/auth/analytics runtime"
"Order","paidAt","DateTime","YES","runtime/admin/repo","runtime/admin/repo","NO","see model audit","KEEP","Used by CMS/shop/auth/analytics runtime"
"Order","createdAt","DateTime","NO","runtime/admin/repo","runtime/admin/repo","NO","see model audit","KEEP","Used by CMS/shop/auth/analytics runtime"
"Order","updatedAt","DateTime","NO","runtime/admin/repo","runtime/admin/repo","NO","see model audit","KEEP","Used by CMS/shop/auth/analytics runtime"
"Order","customer","Customer","YES","runtime/admin/repo","runtime/admin/repo","NO","see model audit","KEEP","Used by CMS/shop/auth/analytics runtime"
"Order","items","OrderItem[]","NO","relation","cascade/connect","YES","see model audit","KEEP","Active Prisma relation"
"Order","paymentNotifications","PaymentNotification[]","NO","relation","cascade/connect","YES","see model audit","KEEP","Active Prisma relation"
"PaymentNotification","id","Int","NO","runtime/admin/repo","runtime/admin/repo","NO","see model audit","KEEP","Used by CMS/shop/auth/analytics runtime"
"PaymentNotification","orderNumber","String","NO","runtime/admin/repo","runtime/admin/repo","NO","see model audit","KEEP","Used by CMS/shop/auth/analytics runtime"
"PaymentNotification","fullName","String","NO","runtime/admin/repo","runtime/admin/repo","NO","see model audit","KEEP","Used by CMS/shop/auth/analytics runtime"
"PaymentNotification","phone","String","YES","runtime/admin/repo","runtime/admin/repo","NO","see model audit","KEEP","Used by CMS/shop/auth/analytics runtime"
"PaymentNotification","email","String","NO","runtime/admin/repo","runtime/admin/repo","NO","see model audit","KEEP","Used by CMS/shop/auth/analytics runtime"
"PaymentNotification","transferDate","String","YES","runtime/admin/repo","runtime/admin/repo","NO","see model audit","KEEP","Used by CMS/shop/auth/analytics runtime"
"PaymentNotification","transferTime","String","YES","runtime/admin/repo","runtime/admin/repo","NO","see model audit","KEEP","Used by CMS/shop/auth/analytics runtime"
"PaymentNotification","amountLabel","String","YES","runtime/admin/repo","runtime/admin/repo","NO","see model audit","KEEP","Used by CMS/shop/auth/analytics runtime"
"PaymentNotification","slipImageUrl","String","NO","runtime/admin/repo","runtime/admin/repo","NO","see model audit","KEEP","Used by CMS/shop/auth/analytics runtime"
"PaymentNotification","paymentMethod","String","NO","runtime/admin/repo","runtime/admin/repo","NO","see model audit","KEEP","Used by CMS/shop/auth/analytics runtime"
"PaymentNotification","status","String","NO","runtime/admin/repo","runtime/admin/repo","NO","see model audit","KEEP","Used by CMS/shop/auth/analytics runtime"
"PaymentNotification","orderId","Int","YES","runtime/admin/repo","runtime/admin/repo","NO","see model audit","KEEP","Used by CMS/shop/auth/analytics runtime"
"PaymentNotification","createdAt","DateTime","NO","runtime/admin/repo","runtime/admin/repo","NO","see model audit","KEEP","Used by CMS/shop/auth/analytics runtime"
"PaymentNotification","order","Order","YES","runtime/admin/repo","runtime/admin/repo","NO","see model audit","KEEP","Used by CMS/shop/auth/analytics runtime"
"ShopCoupon","id","Int","NO","runtime/admin/repo","runtime/admin/repo","NO","see model audit","KEEP","Used by CMS/shop/auth/analytics runtime"
"ShopCoupon","code","String","NO","runtime/admin/repo","runtime/admin/repo","NO","see model audit","KEEP","Used by CMS/shop/auth/analytics runtime"
"ShopCoupon","type","String","NO","runtime/admin/repo","runtime/admin/repo","NO","see model audit","KEEP","Used by CMS/shop/auth/analytics runtime"
"ShopCoupon","value","Int","NO","runtime/admin/repo","runtime/admin/repo","NO","see model audit","KEEP","Used by CMS/shop/auth/analytics runtime"
"ShopCoupon","minSubtotal","Int","NO","runtime/admin/repo","runtime/admin/repo","NO","see model audit","KEEP","Used by CMS/shop/auth/analytics runtime"
"ShopCoupon","maxUses","Int","YES","runtime/admin/repo","runtime/admin/repo","NO","see model audit","KEEP","Used by CMS/shop/auth/analytics runtime"
"ShopCoupon","usedCount","Int","NO","runtime/admin/repo","runtime/admin/repo","NO","see model audit","KEEP","Used by CMS/shop/auth/analytics runtime"
"ShopCoupon","active","Boolean","NO","runtime/admin/repo","runtime/admin/repo","NO","see model audit","KEEP","Used by CMS/shop/auth/analytics runtime"
"ShopCoupon","startsAt","DateTime","YES","runtime/admin/repo","runtime/admin/repo","NO","see model audit","KEEP","Used by CMS/shop/auth/analytics runtime"
"ShopCoupon","endsAt","DateTime","YES","runtime/admin/repo","runtime/admin/repo","NO","see model audit","KEEP","Used by CMS/shop/auth/analytics runtime"
"ShopCoupon","createdAt","DateTime","NO","runtime/admin/repo","runtime/admin/repo","NO","see model audit","KEEP","Used by CMS/shop/auth/analytics runtime"
"ShopCoupon","updatedAt","DateTime","NO","runtime/admin/repo","runtime/admin/repo","NO","see model audit","KEEP","Used by CMS/shop/auth/analytics runtime"
"OrderItem","id","Int","NO","runtime/admin/repo","runtime/admin/repo","NO","see model audit","KEEP","Used by CMS/shop/auth/analytics runtime"
"OrderItem","orderId","Int","NO","runtime/admin/repo","runtime/admin/repo","NO","see model audit","KEEP","Used by CMS/shop/auth/analytics runtime"
"OrderItem","productId","Int","YES","runtime/admin/repo","runtime/admin/repo","NO","see model audit","KEEP","Used by CMS/shop/auth/analytics runtime"
"OrderItem","variantId","Int","YES","runtime/admin/repo","runtime/admin/repo","NO","see model audit","KEEP","Used by CMS/shop/auth/analytics runtime"
"OrderItem","productName","String","NO","runtime/admin/repo","runtime/admin/repo","NO","see model audit","KEEP","Used by CMS/shop/auth/analytics runtime"
"OrderItem","variantSku","String","NO","runtime/admin/repo","runtime/admin/repo","NO","see model audit","KEEP","Used by CMS/shop/auth/analytics runtime"
"OrderItem","color","String","NO","runtime/admin/repo","runtime/admin/repo","NO","see model audit","KEEP","Used by CMS/shop/auth/analytics runtime"
"OrderItem","size","String","NO","runtime/admin/repo","runtime/admin/repo","NO","see model audit","KEEP","Used by CMS/shop/auth/analytics runtime"
"OrderItem","unitPrice","Int","NO","runtime/admin/repo","runtime/admin/repo","NO","see model audit","KEEP","Used by CMS/shop/auth/analytics runtime"
"OrderItem","quantity","Int","NO","runtime/admin/repo","runtime/admin/repo","NO","see model audit","KEEP","Used by CMS/shop/auth/analytics runtime"
"OrderItem","lineTotal","Int","NO","runtime/admin/repo","runtime/admin/repo","NO","see model audit","KEEP","Used by CMS/shop/auth/analytics runtime"
"OrderItem","currency","String","NO","runtime/admin/repo","runtime/admin/repo","NO","see model audit","KEEP","Used by CMS/shop/auth/analytics runtime"
"OrderItem","imageUrl","String","YES","runtime/admin/repo","runtime/admin/repo","NO","see model audit","KEEP","Used by CMS/shop/auth/analytics runtime"
"OrderItem","order","Order","NO","runtime/admin/repo","runtime/admin/repo","NO","see model audit","KEEP","Used by CMS/shop/auth/analytics runtime"
"OrderItem","product","Product","YES","runtime/admin/repo","runtime/admin/repo","NO","see model audit","KEEP","Used by CMS/shop/auth/analytics runtime"
"OrderItem","variant","ProductVariant","YES","relation","cascade/connect","YES","see model audit","KEEP","Active Prisma relation"
"ShopPaymentSettings","id","Int","NO","runtime/admin/repo","runtime/admin/repo","NO","see model audit","KEEP","Used by CMS/shop/auth/analytics runtime"
"ShopPaymentSettings","bankName","String","NO","runtime/admin/repo","runtime/admin/repo","NO","see model audit","KEEP","Used by CMS/shop/auth/analytics runtime"
"ShopPaymentSettings","accountName","String","NO","runtime/admin/repo","runtime/admin/repo","NO","see model audit","KEEP","Used by CMS/shop/auth/analytics runtime"
"ShopPaymentSettings","accountNumber","String","NO","runtime/admin/repo","runtime/admin/repo","NO","see model audit","KEEP","Used by CMS/shop/auth/analytics runtime"
"ShopPaymentSettings","promptPayId","String","NO","runtime/admin/repo","runtime/admin/repo","NO","see model audit","KEEP","Used by CMS/shop/auth/analytics runtime"
"ShopPaymentSettings","qrImageUrl","String","YES","runtime/admin/repo","runtime/admin/repo","NO","see model audit","KEEP","Used by CMS/shop/auth/analytics runtime"
"ShopPaymentSettings","instructionsTh","String","YES","runtime/admin/repo","runtime/admin/repo","NO","see model audit","KEEP","Used by CMS/shop/auth/analytics runtime"
"ShopPaymentSettings","instructionsEn","String","YES","runtime/admin/repo","runtime/admin/repo","NO","see model audit","KEEP","Used by CMS/shop/auth/analytics runtime"
"ShopPaymentSettings","instructionsJa","String","YES","runtime/admin/repo","runtime/admin/repo","NO","see model audit","KEEP","Used by CMS/shop/auth/analytics runtime"
"ShopPaymentSettings","instructionsZh","String","YES","runtime/admin/repo","runtime/admin/repo","NO","see model audit","KEEP","Used by CMS/shop/auth/analytics runtime"
"ShopPaymentSettings","updatedAt","DateTime","NO","runtime/admin/repo","runtime/admin/repo","NO","see model audit","KEEP","Used by CMS/shop/auth/analytics runtime"
"PageView","id","Int","NO","runtime/admin/repo","runtime/admin/repo","NO","see model audit","KEEP","Used by CMS/shop/auth/analytics runtime"
"PageView","visitorId","String","NO","runtime/admin/repo","runtime/admin/repo","NO","see model audit","KEEP","Used by CMS/shop/auth/analytics runtime"
"PageView","sessionId","String","NO","runtime/admin/repo","runtime/admin/repo","NO","see model audit","KEEP","Used by CMS/shop/auth/analytics runtime"
"PageView","path","String","NO","runtime/admin/repo","runtime/admin/repo","NO","see model audit","KEEP","Used by CMS/shop/auth/analytics runtime"
"PageView","pageType","String","NO","runtime/admin/repo","runtime/admin/repo","NO","see model audit","KEEP","Used by CMS/shop/auth/analytics runtime"
"PageView","slug","String","YES","runtime/admin/repo","runtime/admin/repo","NO","see model audit","KEEP","Used by CMS/shop/auth/analytics runtime"
"PageView","title","String","YES","runtime/admin/repo","runtime/admin/repo","NO","see model audit","KEEP","Used by CMS/shop/auth/analytics runtime"
"PageView","locale","String","YES","runtime/admin/repo","runtime/admin/repo","NO","see model audit","KEEP","Used by CMS/shop/auth/analytics runtime"
"PageView","referrer","String","YES","runtime/admin/repo","runtime/admin/repo","NO","see model audit","KEEP","Used by CMS/shop/auth/analytics runtime"
"PageView","utmSource","String","YES","runtime/admin/repo","runtime/admin/repo","NO","see model audit","KEEP","Used by CMS/shop/auth/analytics runtime"
"PageView","utmMedium","String","YES","runtime/admin/repo","runtime/admin/repo","NO","see model audit","KEEP","Used by CMS/shop/auth/analytics runtime"
"PageView","utmCampaign","String","YES","runtime/admin/repo","runtime/admin/repo","NO","see model audit","KEEP","Used by CMS/shop/auth/analytics runtime"
"PageView","utmTerm","String","YES","runtime/admin/repo","runtime/admin/repo","NO","see model audit","KEEP","Used by CMS/shop/auth/analytics runtime"
"PageView","utmContent","String","YES","runtime/admin/repo","runtime/admin/repo","NO","see model audit","KEEP","Used by CMS/shop/auth/analytics runtime"
"PageView","device","String","YES","runtime/admin/repo","runtime/admin/repo","NO","see model audit","KEEP","Used by CMS/shop/auth/analytics runtime"
"PageView","userAgent","String","YES","runtime/admin/repo","runtime/admin/repo","NO","see model audit","KEEP","Used by CMS/shop/auth/analytics runtime"
"PageView","createdAt","DateTime","NO","runtime/admin/repo","runtime/admin/repo","NO","see model audit","KEEP","Used by CMS/shop/auth/analytics runtime"
"OutboundClick","id","Int","NO","runtime/admin/repo","runtime/admin/repo","NO","see model audit","KEEP","Used by CMS/shop/auth/analytics runtime"
"OutboundClick","visitorId","String","NO","runtime/admin/repo","runtime/admin/repo","NO","see model audit","KEEP","Used by CMS/shop/auth/analytics runtime"
"OutboundClick","sessionId","String","NO","runtime/admin/repo","runtime/admin/repo","NO","see model audit","KEEP","Used by CMS/shop/auth/analytics runtime"
"OutboundClick","eventType","String","NO","runtime/admin/repo","runtime/admin/repo","NO","see model audit","KEEP","Used by CMS/shop/auth/analytics runtime"
"OutboundClick","sourcePath","String","NO","runtime/admin/repo","runtime/admin/repo","NO","see model audit","KEEP","Used by CMS/shop/auth/analytics runtime"
"OutboundClick","destinationUrl","String","NO","runtime/admin/repo","runtime/admin/repo","NO","see model audit","KEEP","Used by CMS/shop/auth/analytics runtime"
"OutboundClick","elementLabel","String","YES","runtime/admin/repo","runtime/admin/repo","NO","see model audit","KEEP","Used by CMS/shop/auth/analytics runtime"
"OutboundClick","elementId","String","YES","runtime/admin/repo","runtime/admin/repo","NO","see model audit","KEEP","Used by CMS/shop/auth/analytics runtime"
"OutboundClick","utmSource","String","YES","runtime/admin/repo","runtime/admin/repo","NO","see model audit","KEEP","Used by CMS/shop/auth/analytics runtime"
"OutboundClick","utmMedium","String","YES","runtime/admin/repo","runtime/admin/repo","NO","see model audit","KEEP","Used by CMS/shop/auth/analytics runtime"
"OutboundClick","utmCampaign","String","YES","runtime/admin/repo","runtime/admin/repo","NO","see model audit","KEEP","Used by CMS/shop/auth/analytics runtime"
"OutboundClick","device","String","YES","runtime/admin/repo","runtime/admin/repo","NO","see model audit","KEEP","Used by CMS/shop/auth/analytics runtime"
"OutboundClick","createdAt","DateTime","NO","runtime/admin/repo","runtime/admin/repo","NO","see model audit","KEEP","Used by CMS/shop/auth/analytics runtime"
