Route,Purpose,Linked,Sitemap,Database Dependency,Status,Action
"/:lang/about","Public page","internal","yes if public indexable","varies","ACTIVE","KEEP"
"/:lang/account/forgot-password","Public page","internal","no","varies","ACTIVE","KEEP"
"/:lang/account/orders/:orderNumber","Public page","internal","no","varies","ACTIVE","KEEP"
"/:lang/account","Public page","internal","no","varies","ACTIVE","KEEP"
"/:lang/account/profile","Public page","internal","no","varies","ACTIVE","KEEP"
"/:lang/account/register","Public page","internal","no","varies","ACTIVE","KEEP"
"/:lang/account/reset-password","Public page","internal","no","varies","ACTIVE","KEEP"
"/:lang/account/sign-in","Public page","internal","no","varies","ACTIVE","KEEP"
"/:lang/blog/:slug","Article","yes","published","Post","ACTIVE","KEEP; hide drafts"
"/:lang/blog","Public page","internal","yes if public indexable","varies","ACTIVE","KEEP"
"/:lang/cart","Public page","internal","no","varies","ACTIVE","KEEP"
"/:lang/checkout/bank","Public page","internal","no","varies","ACTIVE","KEEP"
"/:lang/checkout/cancel","Stripe cancel","yes from Stripe","no","none","UTILITY","KEEP + NOINDEX"
"/:lang/checkout","Public page","internal","no","varies","ACTIVE","KEEP"
"/:lang/checkout/success","Stripe return","yes from Stripe","no","Order","UTILITY","KEEP + NOINDEX"
"/:lang/contact","Public page","internal","yes if public indexable","varies","ACTIVE","KEEP"
"/:lang/how-to-payment","Public page","internal","yes if public indexable","varies","ACTIVE","KEEP"
"/:lang (not-found)","404 UI","framework","no","none","UTILITY","KEEP"
"/:lang","Public page","internal","yes if public indexable","varies","ACTIVE","KEEP"
"/:lang/portfolio/:slug","CMS portfolio detail; dotted legacy domain slugs were soft-404","internal+sitemap for real rows","yes real slugs","Portfolio","ACTIVE","KEEP; 404 dotted domains"
"/:lang/portfolio/company-website","Core portfolio landing","yes","yes","Portfolio list by category","ACTIVE","KEEP"
"/:lang/portfolio/custom-software","Core portfolio landing","yes","yes","Portfolio list by category","ACTIVE","KEEP"
"/:lang/portfolio/monthly-marketing","Core portfolio landing","yes","yes","Portfolio list by category","ACTIVE","KEEP"
"/:lang/portfolio","Public page","internal","yes if public indexable","varies","ACTIVE","KEEP"
"/:lang/privacy","Public page","internal","yes if public indexable","varies","ACTIVE","KEEP"
"/:lang/product/:slug","PDP published only","shop","published only","Product","ACTIVE","KEEP"
"/:lang/refund-policy","Public page","internal","yes if public indexable","varies","ACTIVE","KEEP"
"/:lang/services/:slug","Public page","internal","yes if public indexable","varies","ACTIVE","KEEP"
"/:lang/services/content-marketing","Public page","internal","yes if public indexable","varies","ACTIVE","KEEP"
"/:lang/services/local-seo","Public page","internal","yes if public indexable","varies","ACTIVE","KEEP"
"/:lang/services (not-found)","404 UI","framework","no","none","UTILITY","KEEP"
"/:lang/services/online-ads","Public page","internal","yes if public indexable","varies","ACTIVE","KEEP"
"/:lang/services","Public page","internal","yes if public indexable","varies","ACTIVE","KEEP"
"/:lang/services/seo","Public page","internal","yes if public indexable","varies","ACTIVE","KEEP"
"/:lang/services/social-media","Public page","internal","yes if public indexable","varies","ACTIVE","KEEP"
"/:lang/services/video-content","Public page","internal","yes if public indexable","varies","ACTIVE","KEEP"
"/:lang/shop/category/:slug","Public page","internal","yes if public indexable","varies","ACTIVE","KEEP"
"/:lang/shop","Public page","internal","yes if public indexable","varies","ACTIVE","KEEP"
"/:lang/terms","Public page","internal","yes if public indexable","varies","ACTIVE","KEEP"
"/:lang/wishlist","Public page","internal","no","varies","ACTIVE","KEEP"
"/:lang/workflow","Legacy comparison page that targets homepage #system-comparison","no","no","none","LEGACY","KEEP + NOINDEX (already)"
"/admins/analytics","Admin UI","admin nav","no","varies","ACTIVE","KEEP"
"/admins/company","Admin UI","admin nav","no","varies","ACTIVE","KEEP"
"/admins/content/blogs/:id","Admin UI","admin nav","no","varies","ACTIVE","KEEP"
"/admins/content/blogs/categories","Admin UI","admin nav","no","varies","ACTIVE","KEEP"
"/admins/content/blogs/new","Admin UI","admin nav","no","varies","ACTIVE","KEEP"
"/admins/content/blogs","Admin UI","admin nav","no","varies","ACTIVE","KEEP"
"/admins/content/contacts","Admin UI","admin nav","no","varies","ACTIVE","KEEP"
"/admins/content/guide","Admin UI","admin nav","no","varies","ACTIVE","KEEP"
"/admins/content/portfolio/:id","Admin UI","admin nav","no","varies","ACTIVE","KEEP"
"/admins/content/portfolio/new","Admin UI","admin nav","no","varies","ACTIVE","KEEP"
"/admins/content/portfolio","Admin UI","admin nav","no","varies","ACTIVE","KEEP"
"/admins/content/shop/categories","Admin UI","admin nav","no","varies","ACTIVE","KEEP"
"/admins/content/shop/coupons","Admin UI","admin nav","no","varies","ACTIVE","KEEP"
"/admins/content/shop/orders/:id","Admin UI","admin nav","no","varies","ACTIVE","KEEP"
"/admins/content/shop/orders","Admin UI","admin nav","no","varies","ACTIVE","KEEP"
"/admins/content/shop/payment-settings","Admin UI","admin nav","no","varies","ACTIVE","KEEP"
"/admins/content/shop/products/:id","Admin UI","admin nav","no","varies","ACTIVE","KEEP"
"/admins/content/shop/products/new","Admin UI","admin nav","no","varies","ACTIVE","KEEP"
"/admins/content/shop/products","Admin UI","admin nav","no","varies","ACTIVE","KEEP"
"/admins/employees","Admin UI","admin nav","no","varies","ACTIVE","KEEP"
"/admins","Admin UI","admin nav","no","varies","ACTIVE","KEEP"
"/admins/pages/settings","Admin UI","admin nav","no","varies","ACTIVE","KEEP"
"/api/admin/analytics","API","internal","no","varies","ACTIVE","KEEP"
"/api/admin/orders/:id/receipt","API","internal","no","varies","ACTIVE","KEEP"
"/api/admin/upload-image","Admin image upload","RichTextEditor + forms","no","filesystem","ACTIVE","KEEP"
"/api/analytics/track","API","internal","no","varies","ACTIVE","KEEP"
"/api/auth/*","API","internal","no","varies","ACTIVE","KEEP"
"/api/images/:path*","API","internal","no","varies","ACTIVE","KEEP"
"/api/shop/cart-preview","API","internal","no","varies","ACTIVE","KEEP"
"/api/shop/wishlist-count","API","internal","no","varies","ACTIVE","KEEP"
"/api/sitemap-index","API","internal","no","varies","ACTIVE","KEEP"
"/api/stripe/webhook","Stripe paid webhook","Stripe","no","Order","ACTIVE","KEEP"
"/auth/reset-password","Admin reset","auth flow","no","PasswordResetToken","ACTIVE","KEEP"
"/auth/sign-in","App route","internal","no","varies","ACTIVE","KEEP"
"/robots.txt","App route","internal","yes if public indexable","varies","ACTIVE","KEEP"
"/sitemap.xml","App route","internal","yes if public indexable","varies","ACTIVE","KEEP"
