Requirement ID,Requirement,Implementation,DB Model,Route/API/Server Action,Test Evidence,Security Impact,SEO Impact,Status
FR-001,Multilingual public frontend th/en/ja/zh,src/app/[lang]/* + src/lib/locales.ts,N/A (routing),/[lang]/*,seo/url-audit.csv; qa/FINAL_SYSTEM_SECURITY_SEO_AUDIT.md,Low,High (hreflang/locale URLs),Verified
FR-002,Marketing and legal pages,src/app/[lang]/{page about contact privacy terms refund-policy workflow},N/A,/[lang]/;/ [lang]/about;/ [lang]/contact;/ [lang]/privacy;/ [lang]/terms;/ [lang]/refund-policy,qa/FINAL_SYSTEM_SECURITY_SEO_AUDIT.md,Low,Medium,Verified
FR-003,Blog index and detail,src/app/[lang]/blog; CMS content features,Post; PostTranslation; BlogCategory,/[lang]/blog;/ [lang]/blog/[slug]; content.actions,qa/TEST_RESULTS.md (optional local HTML dumps),Medium (HTML content),High,Verified
FR-004,Portfolio index and detail,src/app/[lang]/portfolio*,Portfolio; PortfolioTranslation,/[lang]/portfolio;/ [lang]/portfolio/[slug]; content.actions,qa/TEST_RESULTS.md (optional local HTML dumps),Medium,High,Verified
FR-005,Services CMS + static service pages,src/app/[lang]/services/*,Service,/[lang]/services;/ [lang]/services/[slug]; static service pages; content.actions,seo/master-keyword-map.csv; qa/FINAL_SYSTEM_SECURITY_SEO_AUDIT.md,Medium,High (money pages),Verified
FR-006,Dynamic 404 for missing/unpublished,force-dynamic + notFound() on detail routes,Product; Post; Portfolio; Service; ProductCategory (published flags),detail routes under [lang],cleanup-audit/FINAL_STRUCTURE_REPORT.md,Low,High (soft-404 prevention),Verified
FR-007,Admin authentication,NextAuth credentials,AdminUser; PasswordResetToken,/api/auth/[...nextauth]; /auth/sign-in; /admins/*,qa/FINAL_SYSTEM_SECURITY_SEO_AUDIT.md AUTH section,High,None,Verified baseline
FR-008,CMS CRUD admin,src/features/cms/*,Post; Portfolio; Service; BlogCategory,/admins/content/*; content.actions,qa/TEST_PLAN.md modules 5-8,High (authz),High (publication),Verified
FR-009,Company Settings admin,company-settings-form; company actions/validation,CompanyInfo,/admins/pages/settings; updateCompanyInfoAction,qa/COMPANY_SSOT_HARDENING.md; qa/company-settings-ssot.csv,High (Super Admin),High (org schema),Verified
FR-010,CompanyInfo SSOT via getCompanyConfig,company.service.ts; site.ts bootstrap-only,CompanyInfo,getCompanyConfig consumers (layout header contact schema),qa/COMPANY_SSOT_HARDENING.md,Medium,High,Verified
FR-011,Company save cache invalidation,updateTag(COMPANY_CONFIG_TAG)+revalidatePath layout,CompanyInfo,updateCompanyInfoAction,qa/COMPANY_SSOT_HARDENING.md; FINAL audit Part 6,Low,High (fresh metadata),Verified
FR-012,Contact form submissions,contact page + CMS contacts admin,ContactSubmission,/[lang]/contact; /admins/content/contacts,qa/FINAL_SYSTEM_SECURITY_SEO_AUDIT.md,Medium (public write),Low,Verified
FR-013,Ecommerce shop flows,src/features/shop/*; shop pages,Product*; Cart*; Order*; Customer*; Shop*,/[lang]/shop;/product;/cart;/checkout;/account; shop actions; stripe webhook,cleanup-audit shop cleanup notes; qa/TEST_PLAN.md,High (payments/PII),Medium,Verified present
FR-014,Admin image upload and serve,upload-image route; images route; saveImageUpload,N/A (filesystem),/api/admin/upload-image; /api/images/[...path],qa/TEST_PLAN.md module 12; security upload PASS,High,Medium (OG images),Verified
FR-015,SEO metadata generation,generateMetadata on layouts/pages,content meta fields + CompanyInfo,public [lang] pages,qa/FINAL_SYSTEM_SECURITY_SEO_AUDIT.md,Low,High,Verified
FR-016,Sitemap and robots published-only,sitemap/robots app routes + inventory scripts,publication flags on content models,/sitemap*; robots; /api/sitemap-index,seo/url-audit.csv; qa/FINAL_SYSTEM_SECURITY_SEO_AUDIT.md,Low,High,Verified
FR-017,Structured data Organization/LocalBusiness/FAQ,layout + contact + content FAQ schema,CompanyInfo; faqJson fields,layout; /[lang]/contact; content pages,qa/FINAL_SYSTEM_SECURITY_SEO_AUDIT.md Parts 4-5; qa/COMPANY_SSOT_HARDENING.md,Low,High,Verified
FR-018,Translations and faqJson,CMS forms + FaqBuilder; translations tables,PostTranslation; PortfolioTranslation; ProductTranslation; faqJson columns,admin content forms; public renderers,qa/TEST_RESULTS.md,Medium (XSS),Medium (AEO),Verified
FR-019,Analytics track and admin views,analytics API + PageView/OutboundClick,PageView; OutboundClick,/api/analytics/track; /admins/analytics,qa/FINAL_SYSTEM_SECURITY_SEO_AUDIT.md public API notes,Medium (abuse monitoring debt),Low,Verified baseline
FR-020,Password reset tokens,auth reset pages + token models,PasswordResetToken; CustomerPasswordResetToken,/auth/reset-password; account forgot/reset,qa/FINAL_SYSTEM_SECURITY_SEO_AUDIT.md auth notes,High,None,Verified present
NFR-001,AuthN/AuthZ on admin mutations,session checks on actions/APIs,AdminUser,admin actions + /api/admin/*,qa/FINAL_SYSTEM_SECURITY_SEO_AUDIT.md AUTH/AUTHZ PASS,High,None,Verified baseline
NFR-002,Validation and HTML sanitization,Zod schemas; isomorphic-dompurify,content HTML fields,CMS/shop forms and render paths,qa/FINAL_SYSTEM_SECURITY_SEO_AUDIT.md sanitization PASS,High (XSS),Medium,Verified baseline
NFR-003,Secret handling via env,dotenv / process.env; no secrets in git,.env (local),N/A,qa/FINAL_SYSTEM_SECURITY_SEO_AUDIT.md secret check PASS,High,None,Verified baseline
NFR-004,Parameterized SQL only,Prisma client; no unsafe concat,all models,repositories/services,qa/FINAL_SYSTEM_SECURITY_SEO_AUDIT.md raw SQL PASS,High,None,Verified baseline
NFR-005,Security headers with documented debt,Next config / middleware headers as implemented,N/A,HTTP responses,qa/FINAL_SYSTEM_SECURITY_SEO_AUDIT.md headers PASS WITH missing Permissions-Policy,Medium,Low,Verified with hardening debt
NFR-006,One intent one owner URL,seo/master-keyword-map.csv governance,N/A,money service pages + CMS,seo/cannibalization-report.md,Low,Critical,Verified foundation
NFR-007,Canonical production origin,ensureAbsoluteUrl / SITE_URL helpers,N/A,generateMetadata,qa/FINAL_SYSTEM_SECURITY_SEO_AUDIT.md Part 4,Low,High,Verified
NFR-008,Draft excluded from index/sitemap; 404,published flags + sitemap builders,Post; Product; etc.,detail + sitemap,cleanup-audit/FINAL_STRUCTURE_REPORT.md; seo/url-audit.csv,Low,High,Verified
NFR-009,Basic accessibility patterns,FAQ accordion; aria-current category,N/A,blog category; FAQ UI,qa/TEST_PLAN.md a11y module,Low,Low,Verified pattern
NFR-010,Maintainable App Router + features layout,src/app; src/features; src/components,N/A,N/A,cleanup-audit structure reports,Low,Low,Verified
NFR-011,Prisma migrations as schema SoT,prisma/schema.prisma + migrations,all 30 models,prisma migrate,qa/final-db-schema-integrity.md; migrate status PASS,High,Low,Verified
NFR-012,CompanyInfo SSOT no live overlay,ADR-001; company.service; site.ts,CompanyInfo,getCompanyConfig; updateCompanyInfoAction,qa/COMPANY_SSOT_HARDENING.md,Medium,High,Verified
NFR-013,Build and typecheck for release,package.json scripts,N/A,npm run build; npx tsc --noEmit,baseline BUILD/TYPECHECK PASS,Low,Low,Verified
NFR-014,Cache tags and revalidation,unstable_cache tags; updateTag; revalidatePath,CompanyInfo + content,company/cms/shop actions,qa/COMPANY_SSOT_HARDENING.md cache notes,Low,High,Verified expected behavior
NFR-015,Migration safety fresh+existing DB,prisma migrate workflow,schema changes,migrations/*,qa/final-db-schema-integrity.md; migrate status PASS,High,Low,Verified
